k,#hits,precision,recall,fmeasure,hit
1,1.0,1.0,0.02,0.0392156862745098,1
2,2.0,1.0,0.04,0.07692307692307693,1
3,3.0,1.0,0.06,0.11320754716981131,1
4,4.0,1.0,0.08,0.14814814814814814,1
5,5.0,1.0,0.1,0.18181818181818182,1
6,6.0,1.0,0.12,0.21428571428571425,1
7,7.0,1.0,0.14,0.24561403508771928,1
8,8.0,1.0,0.16,0.2758620689655173,1
9,9.0,1.0,0.18,0.3050847457627119,1
10,10.0,1.0,0.2,0.33333333333333337,1
11,11.0,1.0,0.22,0.36065573770491804,1
12,12.0,1.0,0.24,0.3870967741935484,1
13,13.0,1.0,0.26,0.41269841269841273,1
14,14.0,1.0,0.28,0.43750000000000006,1
15,14.0,0.9333333333333333,0.28,0.4307692307692308,0
16,15.0,0.9375,0.3,0.45454545454545453,1
17,16.0,0.9411764705882353,0.32,0.4776119402985075,1
18,17.0,0.9444444444444444,0.34,0.5,1
19,18.0,0.9473684210526315,0.36,0.5217391304347826,1
20,18.0,0.9,0.36,0.5142857142857143,0
